AronsMar, Arons, Mary, abc123
RamboAva, Rambo, Ava, abc123
RamboAva, Rambo, Ava, abc123
SharpBet, Sharpless, Betty, abc123
AndraJan, Andrade, Janet, abc123
KrameArt, Kramer, Arthur, abc123
KimbaDig, Kimball, Digna, abc123
KimbaDig, Kimball, Digna, abc123
MooreRon, Moore
CopelVic, Copeland, Vicki, abc123
GomezLoi, Gomez, Lois, abc123
ReagiJas, Reagin, Jasmin, abc123
CharlPea, Charles, Pearl, abc123
WhiteDon, White, Donald, abc123
CoopeLou, Cooper, Louis, abc123
BucklDor, Buckley, Dorothy, abc123
WinteHea, Winters, Heather, abc123
GoehnVic, Goehner, Victor, abc123
SwayzMil, Swayzer, Millard, abc123
WhiteMar, White, Mary, abc123
RichaPau, Richard, Paul, abc123
BaileDal, Bailey, Dale, abc123
ConarMar, Conard, Margaret, abc123
McgarLar, Mcgary, Larry, abc123
KassiTer, Kassis, Terrence, abc123
HarleJoh, Harless, John, abc123
BrockMyr, Brock, Myrtle, abc123
JenniAnn, Jennings, Anne, abc123
VannAna, Vann, Ana, abc123
CoffiRob, Coffield, Robin, abc123
LawreBla, Lawrence, Blake, abc123
PhillAda, Phillips, Adam, abc123
reimann2, Reimann, Clay, rockey